date,open,high,low,close,volume
2023-01-02T00:00:00+05:30,386.7515196563974,390.20025932212326,385.27348837108633,389.017822265625,10501357
2023-01-03T00:00:00+05:30,390.20026178953566,392.5158501652902,387.244199200221,388.1310119628906,9431220
2023-01-04T00:00:00+05:30,389.0178160461969,389.0178160461969,379.36135716479674,379.95257568359375,16121049
2023-01-05T00:00:00+05:30,382.21887467302815,383.056431727586,376.89796819498815,381.2335205078125,10443908
2023-01-06T00:00:00+05:30,380.4452621844275,382.7115648134992,375.41994975624283,376.4053039550781,8715469
2023-01-09T00:00:00+05:30,380.69161170179575,386.9486170587878,379.36137748091954,383.7462158203125,14693099
2023-01-10T00:00:00+05:30,394.1416892222541,411.6317266814916,394.1416892222541,406.8527526855469,54021379
2023-01-11T00:00:00+05:30,409.66103482243835,413.8487904399858,407.4932434156929,412.0751647949219,22224361
2023-01-12T00:00:00+05:30,414.14436977630027,414.3414526500436,404.0444889447594,406.2122802734375,12479034
2023-01-13T00:00:00+05:30,406.9512673212285,410.25220976519836,402.02449653041464,405.4732360839844,10449630
2023-01-16T00:00:00+05:30,407.4439710566264,408.8234609541806,401.63038715724684,406.9512939453125,11462140
2023-01-17T00:00:00+05:30,406.95125733454336,413.3068035269756,406.45858026755235,409.2175598144531,12337969
2023-01-18T00:00:00+05:30,409.8088275470813,409.8581133020751,401.48260215691937,402.4186706542969,13310316
2023-01-19T00:00:00+05:30,400.5464935969057,401.8274420647837,394.24023255317036,394.8807067871094,13126520
2023-01-20T00:00:00+05:30,398.0831015276654,406.4586123271336,395.3241217631491,397.24554443359375,23906114
2023-01-23T00:00:00+05:30,401.0391807151022,404.9313420402188,399.06847221035963,402.4186706542969,13113183
2023-01-24T00:00:00+05:30,403.9952371902256,417.79019650891627,403.9952371902256,415.96728515625,30197475
2023-01-25T00:00:00+05:30,417.5438353834961,420.99257502678165,411.5824545997805,412.91265869140625,22975581
2023-01-27T00:00:00+05:30,431.5851543490185,446.75960353346636,428.7768887689239,439.0738525390625,63360467
2023-01-30T00:00:00+05:30,439.0738575911784,443.4094102551033,431.2402793150882,437.15240478515625,18316743
2023-01-31T00:00:00+05:30,437.2016684691763,448.1390759801651,434.44265868004845,445.4786376953125,25154475
2023-02-01T00:00:00+05:30,450.1097988625184,454.74097575763915,431.24027142971204,440.10845947265625,23798589
2023-02-02T00:00:00+05:30,440.2069751192539,442.6211048622029,434.2455944234482,438.2855224609375,11344554
2023-02-03T00:00:00+05:30,440.45331232008533,444.1976461236401,435.8714214610815,438.926025390625,13067403
2023-02-06T00:00:00+05:30,437.9407107641044,440.4533520866843,433.11245085698937,435.5265808105469,6795084
2023-02-07T00:00:00+05:30,435.2309736784935,436.906057820419,426.5598384467999,429.072509765625,9023645
2023-02-08T00:00:00+05:30,429.07249742249246,434.5412011915516,425.22959199491174,433.6543884277344,8668267
2023-02-09T00:00:00+05:30,433.5558557974385,434.2456157780932,427.20030906488535,430.35345458984375,7349418
2023-02-10T00:00:00+05:30,431.5358680327853,441.24158248900477,424.88472742762343,439.3201599121094,14798390
2023-02-13T00:00:00+05:30,438.97529228167144,440.3547821355475,432.4719486041146,434.5904541015625,8333767
2023-02-14T00:00:00+05:30,435.52658454848324,437.79288732670693,428.03788613035704,434.0978088378906,8565559
2023-02-15T00:00:00+05:30,432.0778049839126,438.3840656787892,431.7329250091395,437.6450500488281,9857016
2023-02-16T00:00:00+05:30,438.48261399915094,441.6850151126279,434.04852014972136,435.1324157714844,7670688
2023-02-17T00:00:00+05:30,429.61443054815857,435.969977156765,429.61443054815857,433.4573059082031,6955445
2023-02-20T00:00:00+05:30,435.32949524581784,438.77823511783964,429.8607911912905,436.5119323730469,9717197
2023-02-21T00:00:00+05:30,438.67971043487563,438.67971043487563,428.875423925166,430.10711669921875,8957930
2023-02-22T00:00:00+05:30,428.92469877426856,429.4666616614439,421.97796324644776,423.160400390625,7209130
2023-02-23T00:00:00+05:30,422.3720889161108,430.057870029653,420.94334331064056,426.85546875,9278920
2023-02-24T00:00:00+05:30,429.0232136428056,430.3041921480968,420.74624435808283,421.4852600097656,7895024
2023-02-27T00:00:00+05:30,421.4852554356628,421.7808496648785,407.0005367916232,411.82879638671875,10438928
2023-02-28T00:00:00+05:30,412.86342945318336,418.5784720569821,412.86342945318336,414.5385437011719,9652088
2023-03-01T00:00:00+05:30,415.326831011705,421.7316338624193,415.326831011705,419.76092529296875,7595114
2023-03-02T00:00:00+05:30,419.76087894106433,420.00721748504384,413.4053324781441,414.29217529296875,5661103
2023-03-03T00:00:00+05:30,416.4106912307254,424.1949834021452,415.77021701439395,421.7315979003906,8027522
2023-03-06T00:00:00+05:30,424.6384035327827,434.98462260877204,423.7023050167056,433.6543884277344,11307064
2023-03-08T00:00:00+05:30,432.5704946348665,434.78754158914546,429.7129734634762,432.8660888671875,7850052
2023-03-09T00:00:00+05:30,432.6690554713824,435.57583245496704,424.9832743095206,425.8701171875,5696737
2023-03-10T00:00:00+05:30,426.6583787362677,431.38806698038303,424.49058741651726,429.4666442871094,10417015
2023-03-13T00:00:00+05:30,429.712956593637,430.59976932640893,412.96193581892544,416.2135925292969,8780169
2023-03-14T00:00:00+05:30,416.65702910765134,417.98726329057416,407.3454198978154,410.5478210449219,9189043
2023-03-15T00:00:00+05:30,415.8194552358289,418.7755177138087,404.09374675396674,405.325439453125,7681009
2023-03-16T00:00:00+05:30,407.246881220722,412.37073511902884,399.06845334099563,409.61175537109375,11854885
2023-03-17T00:00:00+05:30,412.8634033203125,417.24824146974413,408.47856517088087,412.8634033203125,8658701
2023-03-20T00:00:00+05:30,409.5131961163099,410.8434302503526,399.56111305687244,404.7342224121094,10075022
2023-03-21T00:00:00+05:30,406.8034673052884,407.8380771357187,401.728899441129,406.5078430175781,7391950
2023-03-22T00:00:00+05:30,409.90737896839437,412.27222321754834,407.69033184657013,410.00592041015625,5728054
2023-03-23T00:00:00+05:30,409.90734028763774,416.3121424796321,409.90734028763774,413.0111999511719,9817460
2023-03-24T00:00:00+05:30,412.86340991474714,414.3906968969221,408.7249102453474,410.4000244140625,6877960
2023-03-27T00:00:00+05:30,409.9073589840479,412.3707445548655,404.24157217116743,406.01519775390625,7433933
2023-03-28T00:00:00+05:30,408.0844137100183,408.4292936753764,394.5850799469569,395.7182312011719,9553659
2023-03-29T00:00:00+05:30,395.7182419669032,404.58642952560587,395.7182419669032,403.2069396972656,10478506
2023-03-31T00:00:00+05:30,405.3254748665408,415.5731530047559,404.9805948665197,414.6370544433594,11037881
2023-04-03T00:00:00+05:30,416.8048367609891,418.7262895260803,413.35609697691467,418.0365295410156,6948329
2023-04-05T00:00:00+05:30,418.03649292168166,422.4705865413577,416.9525973560809,420.30279541015625,8821326
2023-04-06T00:00:00+05:30,420.25354170218566,432.86606269571405,417.5438178107882,431.240234375,10907492
2023-04-10T00:00:00+05:30,445.4293578502318,466.3681347773808,445.3801021680646,454.54388427734375,50462653
2023-04-11T00:00:00+05:30,456.95802143242736,456.95802143242736,449.1244433224788,451.98199462890625,14495222
2023-04-12T00:00:00+05:30,452.6224809385752,461.73700775483985,451.4893295647322,458.6824035644531,13552440
2023-04-13T00:00:00+05:30,458.14042988571873,465.08716470314164,456.4653157812084,462.623779296875,12733670
2023-04-17T00:00:00+05:30,464.10183402147356,466.0725424461932,458.97798008895285,465.2349853515625,10710167
2023-04-18T00:00:00+05:30,468.0432486987769,476.2709623479223,461.2443106791721,466.0725402832031,16140056
2023-04-19T00:00:00+05:30,466.07251903756634,468.5359044447416,460.99795111290973,462.5252380371094,7368610
2023-04-20T00:00:00+05:30,466.762290092549,472.6744152105262,462.525249048958,469.8168640136719,14264206
2023-04-21T00:00:00+05:30,469.71836787822707,469.71836787822707,460.35750280464873,464.2989196777344,8478118
2023-04-24T00:00:00+05:30,464.29893940476484,469.0286278251718,461.4413879938673,468.2403564453125,8020593
2023-04-25T00:00:00+05:30,468.24032992920206,469.42273693203214,464.9886430125155,466.6144714355469,6888352
2023-04-26T00:00:00+05:30,466.0725268541279,472.4773290201994,465.67839119649426,471.1963806152344,7791425
2023-04-27T00:00:00+05:30,471.4920265540947,474.9407665602375,469.5213179791559,474.546630859375,7085793
2023-04-28T00:00:00+05:30,474.3495087063664,480.8528524794344,471.34419040661953,477.8475341796875,9947813
2023-05-02T00:00:00+05:30,475.43338598899703,476.9114172407763,467.5998083263178,473.2163391113281,11542592
2023-05-03T00:00:00+05:30,473.2163606643885,477.995334610262,470.7529751325593,476.6158447265625,8529233
2023-05-04T00:00:00+05:30,476.5172799666474,479.2762595990002,471.73830625469463,473.7582702636719,5650101
2023-05-05T00:00:00+05:30,474.5958373075694,477.6011856149308,469.1763892887397,470.11248779296875,4830674
2023-05-08T00:00:00+05:30,472.9700085071179,494.9433947907617,471.0978415709019,493.1697692871094,23515333
2023-05-09T00:00:00+05:30,494.64782266030033,505.2896362988458,494.2044012292673,496.2736511230469,19818780
2023-05-10T00:00:00+05:30,500.5599325702281,505.38819219679425,496.9633957617518,502.0379638671875,12481404
2023-05-11T00:00:00+05:30,504.50134391276026,506.61987947201766,498.0965416951178,504.1072082519531,11454020
2023-05-12T00:00:00+05:30,506.3735600379034,512.8768738632432,502.82624874487794,508.3935241699219,19766717
2023-05-15T00:00:00+05:30,516.1777769036908,529.2830359602235,513.86221857543,523.0752563476562,38270067
2023-05-16T00:00:00+05:30,526.1299174790998,528.1006259928216,511.25103211575043,513.5173950195312,16514882
2023-05-17T00:00:00+05:30,514.8475833452522,516.2763590019243,504.99404108027136,507.9501037597656,13684847
2023-05-18T00:00:00+05:30,511.20178002487535,513.2710600635806,499.6731531809332,501.0033874511719,12293322
2023-05-19T00:00:00+05:30,502.33357800270187,518.6904944219237,497.3575511340191,517.26171875,19343560
2023-05-22T00:00:00+05:30,517.2617251536706,519.2816893363113,511.7437052733162,514.8475952148438,9978339
2023-05-23T00:00:00+05:30,514.8475792775655,523.2230901366263,513.5173751388023,520.7597045898438,12256902
2023-05-24T00:00:00+05:30,519.429522973367,521.8929086269612,511.5466888818657,512.581298828125,7648284
2023-05-25T00:00:00+05:30,510.4134600041587,510.4134600041587,501.6438139062427,507.3095703125,11543712
2023-05-26T00:00:00+05:30,507.3589076529409,512.1378515231123,504.6984392531426,510.8569030761719,8360570
2023-05-29T00:00:00+05:30,517.3109838581357,517.4094952271322,512.0886183350563,513.81298828125,6596504
2023-05-30T00:00:00+05:30,513.8129337464239,515.8328977264639,510.41344989934726,511.20172119140625,5134688
2023-05-31T00:00:00+05:30,512.3349436446355,519.7743560489344,508.8369481582433,518.5919189453125,12327284
2023-06-01T00:00:00+05:30,519.774393163789,528.396243287359,515.1924716130475,527.3616333007812,12511265
2023-06-02T00:00:00+05:30,529.1351961108796,533.3229513873624,524.9474408343968,528.0513305664062,12294728
2023-06-05T00:00:00+05:30,531.1059375893878,540.7623971536722,530.0220719773382,538.249755859375,15008325
2023-06-06T00:00:00+05:30,541.4028762821083,548.8422884509953,537.3628879843453,547.610595703125,15395092
2023-06-07T00:00:00+05:30,550.6159425687733,566.57869343824,544.0633728946292,559.6319580078125,20855239
2023-06-08T00:00:00+05:30,561.6518826079252,568.105940458767,548.8422782677444,551.5027465820312,21527339
2023-06-09T00:00:00+05:30,556.1339160664935,558.1538800811581,551.1085737286438,554.0646362304688,9361533
2023-06-12T00:00:00+05:30,558.6958085407887,560.5680055006861,552.4388336832938,555.8875732421875,7599572
2023-06-13T00:00:00+05:30,559.3855734143399,562.6864858218956,552.5373499158894,553.9661254882812,12845897
2023-06-14T00:00:00+05:30,557.7104985715118,562.8343526361078,555.7397900959942,561.947509765625,12713256
2023-06-15T00:00:00+05:30,563.4255464603286,566.5786920792808,559.4348737878464,560.1246337890625,12475759
2023-06-16T00:00:00+05:30,561.307066933109,563.8197082171304,557.759755583976,561.454833984375,8736313
2023-06-19T00:00:00+05:30,562.2924312958384,564.8050726250933,555.9368843044869,557.759765625,6280388
2023-06-20T00:00:00+05:30,557.7597208057242,575.3975846603468,554.2617254997086,574.7078247070312,18074902
2023-06-21T00:00:00+05:30,576.3829440682197,577.3190425746945,566.0859807794905,572.8849487304688,9146332
2023-06-22T00:00:00+05:30,575.4468772746812,576.1366372722674,559.8782922807738,561.0114135742188,11229179
2023-06-23T00:00:00+05:30,561.6518829233096,562.7850642874604,549.5320385305822,551.4534912109375,9362695
2023-06-26T00:00:00+05:30,551.7983794324251,560.6665676733035,549.6305880564048,559.5333862304688,6986621
2023-06-27T00:00:00+05:30,561.6519078945266,568.4508760992231,560.1246208749931,564.7064819335938,9404450
2023-06-28T00:00:00+05:30,570.5200610216285,581.3589568268753,567.0713214472318,578.0580444335938,16720940
2023-06-30T00:00:00+05:30,579.7331352925584,590.2271818646822,579.3882853696714,586.8276977539062,12488047
2023-07-03T00:00:00+05:30,591.2124869584873,593.4787894635793,581.3589455091792,582.147216796875,11131048
2023-07-04T00:00:00+05:30,585.6945878153534,587.6652963071397,580.8663279539771,582.7877807617188,6917886
2023-07-05T00:00:00+05:30,583.3297220303867,584.3150762905732,576.3829865243224,579.6346435546875,8715919
2023-07-06T00:00:00+05:30,582.1472514216571,596.0900374582106,579.9302044636979,592.0007934570312,14356681
2023-07-07T00:00:00+05:30,591.2125371065999,615.6493099454228,583.526786152464,609.14599609375,21066726
2023-07-10T00:00:00+05:30,614.8609759981341,625.5027885544686,608.5054298429817,609.58935546875,23802524
2023-07-11T00:00:00+05:30,615.7971096536176,621.216557668562,613.038129965168,619.2951049804688,12051173
2023-07-12T00:00:00+05:30,620.7238994957077,621.5614265215916,610.279108736532,612.348388671875,10785502
2023-07-13T00:00:00+05:30,615.8463864219033,617.3244177493158,606.4855213482904,611.5601196289062,9689708
2023-07-14T00:00:00+05:30,613.8756058830504,616.8316681906734,610.4268665241569,615.747802734375,7010179
2023-07-17T00:00:00+05:30,617.7185889181704,617.8171002843636,608.1113852056145,609.4415893554688,7580645
2023-07-18T00:00:00+05:30,611.3138033642953,611.7571646656861,598.1100323014692,603.1353149414062,10359400
2023-07-19T00:00:00+05:30,605.0074894447334,616.1419800723885,601.2138997644867,611.5108032226562,11128348
2023-07-20T00:00:00+05:30,613.5308254054091,614.4668637957132,607.1752786968407,612.5454711914062,7834891
2023-07-21T00:00:00+05:30,611.905016324161,621.7585592601379,608.6533591835394,616.58544921875,12914610
2023-07-24T00:00:00+05:30,618.7532311538216,625.158033963466,617.0781168522795,620.0341796875,12247844
2023-07-25T00:00:00+05:30,626.6852329859196,633.0900348953669,624.0740204586474,630.084716796875,13988137
2023-07-26T00:00:00+05:30,630.6267056951486,655.6547271339246,629.6413514674999,631.7105712890625,31673714
2023-07-27T00:00:00+05:30,637.5242402109311,638.9530159923596,627.4243585074349,634.2725830078125,11696851
2023-07-28T00:00:00+05:30,638.5226951734381,638.5226951734381,624.4870449165816,627.946533203125,9299530
2023-07-31T00:00:00+05:30,632.7898876375701,638.0779388486568,628.5396709233041,636.8424072265625,7502361
2023-08-01T00:00:00+05:30,637.5343011591037,645.3428849481877,634.569025339759,636.199951171875,8924219
2023-08-02T00:00:00+05:30,636.5458476784488,636.8423631815054,609.3147446765759,615.4429931640625,15762687
2023-08-03T00:00:00+05:30,615.7889378798303,619.1990170975514,607.0413984475239,611.7858276367188,11458920
2023-08-04T00:00:00+05:30,617.617495374963,617.7657832944296,606.2011957654199,607.8815307617188,11806739
2023-08-07T00:00:00+05:30,611.8352303133331,611.8352303133331,601.4567651787775,602.4451904296875,9893466
2023-08-08T00:00:00+05:30,605.4598623383204,607.6344099092231,598.2443702278281,600.2706298828125,8863640
2023-08-09T00:00:00+05:30,603.5324226209748,616.7773448632967,598.3431901521731,615.3441162109375,13362350
2023-08-10T00:00:00+05:30,615.7889532142451,621.0275951646151,591.0783210627907,611.0939331054688,53116980
2023-08-11T00:00:00+05:30,612.5765598408417,617.5186861808243,602.9394134778756,604.7185668945312,9347707
2023-08-14T00:00:00+05:30,604.9162700327671,604.9162700327671,587.618827670719,600.320068359375,14492164
2023-08-16T00:00:00+05:30,599.6776223482508,614.1580163317498,590.3864006946785,611.588134765625,14562074
2023-08-17T00:00:00+05:30,612.8236538951121,614.8005043915479,603.9278266611508,606.64599609375,12119293
2023-08-18T00:00:00+05:30,605.7069655372934,612.9224576107564,603.828993807865,608.6722412109375,11190760
2023-08-21T00:00:00+05:30,609.8583826991842,616.0854497436648,607.6838350711477,613.31787109375,9580365
2023-08-22T00:00:00+05:30,614.6028185994969,619.2484294174488,611.4398456811875,613.0213623046875,8534395
2023-08-23T00:00:00+05:30,615.5418512352883,615.5418512352883,606.0529925536639,606.7943115234375,8248333
2023-08-24T00:00:00+05:30,610.8468039087675,611.8352291578108,602.5934772107316,603.87841796875,7096025
2023-08-25T00:00:00+05:30,603.7795142829506,609.5618379479936,586.4326639451959,598.0960693359375,16075509
2023-08-28T00:00:00+05:30,598.3926437817547,601.4567377885618,594.5871705418376,595.4273681640625,7479254
2023-08-29T00:00:00+05:30,596.6134784952012,603.4336371000446,596.6134784952012,600.1224365234375,6956667
2023-08-30T00:00:00+05:30,604.1255203065173,605.8058552845739,597.9972717370281,598.5408935546875,5676055
2023-08-31T00:00:00+05:30,601.7532840358115,602.5934817009728,592.1161377858277,594.0435791015625,10544271
2023-09-01T00:00:00+05:30,597.2065722863757,607.7827349551608,594.933206185104,604.1255493164062,10297492
2023-09-04T00:00:00+05:30,608.4745714128971,608.4745714128971,598.9857129627848,601.9509887695312,8392665
2023-09-05T00:00:00+05:30,602.939397679955,611.7364064661054,601.0119563921256,604.0761108398438,8560651
2023-09-06T00:00:00+05:30,604.0761303155455,605.4598895018827,598.5903217820836,603.1865234375,6520064
2023-09-07T00:00:00+05:30,603.8290138145597,609.3641711239501,602.0003908913452,607.78271484375,6520293
2023-09-08T00:00:00+05:30,610.7974032154118,621.6206719088526,607.0908084798971,619.98974609375,16190749
2023-09-11T00:00:00+05:30,627.3041332248645,628.0454521909404,623.2021441477681,627.5017700195312,8780510
2023-09-12T00:00:00+05:30,630.6153061584652,631.6037314032276,608.1286318401186,613.6143798828125,12541377
2023-09-13T00:00:00+05:30,613.8120875933934,621.2252770570817,612.3788588980088,618.6553955078125,6988358
2023-09-14T00:00:00+05:30,620.8298495591666,623.4986096888505,616.0854206223327,617.370361328125,5722295
2023-09-15T00:00:00+05:30,621.4229435393037,629.1326481357164,619.8908965247421,626.90869140625,18917805
2023-09-18T00:00:00+05:30,628.5395995101037,636.7435164829617,625.8214302503283,633.234619140625,11108349
2023-09-20T00:00:00+05:30,633.2841058451808,639.511173209457,629.6269201459414,631.1095581054688,11777925
2023-09-21T00:00:00+05:30,631.1095346250536,634.2725075534388,616.7773682161838,619.7920532226562,9266854
2023-09-22T00:00:00+05:30,620.7310926527327,623.4986714459554,611.835264891786,613.2684936523438,6551917
2023-09-25T00:00:00+05:30,616.6290499799218,617.963460225464,610.7479681780122,611.5386962890625,6390681
2023-09-26T00:00:00+05:30,611.5386719589916,618.4576482306139,610.7973530727463,612.6259155273438,6271108
2023-09-27T00:00:00+05:30,612.7742877340154,614.7017291691438,609.6113146518422,612.9719848632812,5960490
2023-09-28T00:00:00+05:30,615.6901341299322,616.5796806891766,605.163380713685,606.991943359375,6768196
2023-09-29T00:00:00+05:30,611.5386887127786,625.673157132014,609.8583537921843,622.9055786132812,8969405
2023-10-03T00:00:00+05:30,625.2778249324061,625.3272944606991,611.4398706376,613.2684936523438,6894577
2023-10-04T00:00:00+05:30,613.6144159455,613.6144159455,601.2590996598356,606.4977416992188,7612709
2023-10-05T00:00:00+05:30,611.835191674631,614.1579667361055,607.5355662361786,612.42822265625,7893892
2023-10-06T00:00:00+05:30,619.7426230516087,620.0885477527777,612.8236463987199,615.2453002929688,7922379
2023-10-09T00:00:00+05:30,613.6143637384168,614.8004860666624,606.5965688167194,610.2042846679688,6381189
2023-10-10T00:00:00+05:30,612.8237116287003,625.179028395408,610.4514666780143,623.2515869140625,9833429
2023-10-11T00:00:00+05:30,625.673195823886,630.4176250534948,625.2778015844641,626.66162109375,7701931
2023-10-12T00:00:00+05:30,629.6268628083607,632.7898355663851,627.6994215707608,629.5774536132812,5928732
2023-10-13T00:00:00+05:30,626.6121592242399,661.2564499551042,625.6731432310628,659.37841796875,28011678
2023-10-16T00:00:00+05:30,660.8117279803868,669.9546620846821,653.5962352935464,658.4889526367188,20005816
2023-10-17T00:00:00+05:30,662.2449431903914,663.1345500813777,647.0726391457898,648.1104736328125,10263992
2023-10-18T00:00:00+05:30,650.9768942623729,664.4689240666049,646.2324647728574,660.7623291015625,14908778
2023-10-19T00:00:00+05:30,655.2765739356121,664.5183264893799,650.9768876228006,661.058837890625,10633043
2023-10-20T00:00:00+05:30,658.9336996939176,668.5708456276666,652.8548604350007,655.5236206054688,11759568
2023-10-23T00:00:00+05:30,655.9684353561745,659.526742092489,637.534280479064,639.8570556640625,8564004
2023-10-25T00:00:00+05:30,642.476432304799,644.3544644691665,628.6878875765193,630.467041015625,8229559
2023-10-26T00:00:00+05:30,627.6499954458645,628.2924959506299,616.9256062693269,619.2977905273438,8889373
2023-10-27T00:00:00+05:30,622.7079177561608,636.4964622864996,621.1758706591655,633.6300048828125,10232856
2023-10-30T00:00:00+05:30,636.3481752920893,636.3481752920893,614.6522285999076,621.2252807617188,12786883
2023-10-31T00:00:00+05:30,634.5689876368498,634.5689876368498,620.0391249196143,621.37353515625,11395766
2023-11-01T00:00:00+05:30,622.707875168571,626.4638788578188,619.0506898677168,620.4345092773438,8785264
2023-11-02T00:00:00+05:30,624.6847475981283,630.8129961118224,622.8067155229244,629.083251953125,9934305
2023-11-03T00:00:00+05:30,654.3374753031492,658.2911760602678,638.7203693782674,640.0053100585938,23087856
2023-11-06T00:00:00+05:30,645.2933617519595,645.2933617519595,635.7550948569216,638.5720825195312,10801301
2023-11-07T00:00:00+05:30,637.5343017578125,642.3776097321003,635.8539667262011,637.5343017578125,6588073
2023-11-08T00:00:00+05:30,640.499600903877,641.537435413677,634.4702306441295,635.1126708984375,6551864
2023-11-09T00:00:00+05:30,636.5458722900287,646.08420025318,635.2609315079764,641.8339233398438,10155047
2023-11-10T00:00:00+05:30,641.8338862679203,645.3922532227176,636.5458355235397,643.5142211914062,6425792
2023-11-13T00:00:00+05:30,645.4416754306891,646.4301006610577,641.7844900125876,645.6887817382812,3279829
2023-11-15T00:00:00+05:30,652.3606777442758,665.7044188799542,648.9505984994198,663.7769775390625,11324434
2023-11-16T00:00:00+05:30,666.1986511266834,677.5655420583702,663.1345568330971,672.5245971679688,17501373
2023-11-17T00:00:00+05:30,674.6002098685221,679.6906238620087,671.7337526108658,673.6611938476562,9563220
2023-11-20T00:00:00+05:30,674.1060034861457,678.8010233051475,662.9368105087844,666.4951171875,8324354
2023-11-21T00:00:00+05:30,669.1638985070516,675.3909655559288,667.1870479944754,673.8095092773438,7291057
2023-11-22T00:00:00+05:30,676.0334771162575,679.3940868451658,668.2248933329073,673.3153076171875,9279642
2023-11-23T00:00:00+05:30,675.2921550697737,677.960915358742,669.2133155409396,672.0797729492188,5885370
2023-11-24T00:00:00+05:30,673.5129860614658,674.0566078804675,663.4804456934339,665.902099609375,6951690
2023-11-28T00:00:00+05:30,669.6087208593511,691.3540771121513,666.4457478841146,689.4266357421875,16015860
2023-11-29T00:00:00+05:30,694.615877606493,706.1310564503366,686.3130809785456,704.104736328125,16122864
2023-11-30T00:00:00+05:30,708.008944869054,708.9479608564552,688.9323509472977,698.2235717773438,24275245
2023-12-01T00:00:00+05:30,699.8050792635082,702.7703550230993,694.862952997523,697.2846069335938,10565415
2023-12-04T00:00:00+05:30,707.712508487918,708.7009337791022,696.642133160916,697.432861328125,9348036
2023-12-05T00:00:00+05:30,697.7293947010028,706.6252217800873,696.839787861619,700.7440795898438,9601509
2023-12-06T00:00:00+05:30,700.8429071888366,716.4106047817561,700.7934979923747,714.0878295898438,12148825
2023-12-07T00:00:00+05:30,716.608312904444,719.0793760523904,707.7124855718372,713.5936279296875,10451801
2023-12-08T00:00:00+05:30,713.6924867386282,719.1782351719744,699.3109104689282,706.279296875,8557203
2023-12-11T00:00:00+05:30,709.4916334253364,718.0909451786926,708.2561018610235,712.4569091796875,6403209
2023-12-12T00:00:00+05:30,716.4106069249144,716.4106069249144,704.7472010766212,707.1194458007812,6461539
2023-12-13T00:00:00+05:30,707.7124909385712,713.0994207076826,705.2414277718863,711.9627075195312,5807736
2023-12-14T00:00:00+05:30,715.6199360536427,716.3118458476102,710.282415161544,711.4191284179688,6732352
2023-12-15T00:00:00+05:30,715.5210539338647,725.5041247063871,712.9017029216371,723.9226684570312,12082079
2023-12-18T00:00:00+05:30,724.4169158200467,726.2454784666078,719.6724261870495,722.3411865234375,5450397
2023-12-19T00:00:00+05:30,724.1203504240096,724.1203504240096,717.5967675775094,720.5126342773438,4511101
2023-12-20T00:00:00+05:30,722.4894552901044,724.5157150057604,694.9123664264855,697.0869140625,8107602
2023-12-21T00:00:00+05:30,694.862939152205,703.659947861852,688.1910688260637,700.6452026367188,7702232
2023-12-22T00:00:00+05:30,708.503184224147,722.5388343860291,703.7587552433005,716.311767578125,12062238
2023-12-26T00:00:00+05:30,718.9805488989581,719.079367292196,708.3055079669266,711.2213745117188,7229143
2023-12-27T00:00:00+05:30,719.5735701388576,733.2632354942273,716.7565823542675,732.3242797851562,15052800
2023-12-28T00:00:00+05:30,734.0540439428444,749.176938364838,730.4956768073404,745.173828125,14906199
2023-12-29T00:00:00+05:30,746.2610796668613,793.6066742831623,745.2726543957793,770.9223022460938,41170191
2024-01-01T00:00:00+05:30,775.9138173685401,789.4552552915378,772.0095255848332,781.448974609375,12570717
2024-01-02T00:00:00+05:30,791.2344233913105,794.6939118133837,769.9832802271467,775.32080078125,13791090
2024-01-03T00:00:00+05:30,776.9517005426818,780.8559925712768,767.2651445993084,772.4049682617188,8559060
2024-01-04T00:00:00+05:30,788.7633856252945,792.5193896815813,782.1409240812484,786.5394287109375,14298444
2024-01-05T00:00:00+05:30,789.7517943039256,796.5719528292658,777.9895094062206,781.7949829101562,11091198
2024-01-08T00:00:00+05:30,789.1587730584691,791.0861541046436,778.3849133016114,779.9663696289062,7668471
2024-01-09T00:00:00+05:30,790.6908294301263,799.8337634392776,783.9695494675157,790.5425415039062,12872757
2024-01-10T00:00:00+05:30,790.7402017795283,801.6128795539968,783.4753003071547,799.0924072265625,9980044
2024-01-11T00:00:00+05:30,804.0839679547668,808.0376690879186,799.0924323399008,806.2091064453125,11075167
2024-01-12T00:00:00+05:30,808.6800907427363,809.0754246202599,799.784264061197,806.999755859375,7664094
2024-01-15T00:00:00+05:30,810.5086798834755,810.9040741026986,800.920943189848,803.0460815429688,4835856
2024-01-16T00:00:00+05:30,803.0460631800826,817.427637727323,803.0460631800826,809.3719482421875,10159066
2024-01-17T00:00:00+05:30,801.6128818542566,804.2816421086585,794.6939050688313,796.2259521484375,7895439
2024-01-18T00:00:00+05:30,797.6591296202527,813.4245234919911,787.7748777042643,809.5696411132812,11500495
2024-01-19T00:00:00+05:30,814.314154682746,816.4392931972424,810.0145287834627,814.0176391601562,5706888
2024-01-23T00:00:00+05:30,815.3520068075414,818.0207066997912,787.0830086700497,791.1849975585938,9436209
2024-01-24T00:00:00+05:30,793.1124236838991,802.6012817006085,779.3732889420318,801.5140380859375,7217542
2024-01-25T00:00:00+05:30,804.578141316483,804.7264292332133,791.0367035307995,802.4530029296875,10109720
2024-01-29T00:00:00+05:30,802.453005186301,834.0332036001362,801.662277061789,831.265625,12823686
2024-01-30T00:00:00+05:30,833.2424805978767,875.695356888619,833.0941926798178,848.9089965820312,19734613
2024-01-31T00:00:00+05:30,855.1855570467909,886.1232559818698,855.1855570467909,873.9656372070312,24562392
2024-02-01T00:00:00+05:30,889.5827474143604,889.7310353370725,866.1570563333773,868.3316040039062,14505885
2024-02-02T00:00:00+05:30,875.7447572624022,885.3819032932244,866.7006422404629,868.5786743164062,13003437
2024-02-05T00:00:00+05:30,923.1891836323833,939.0039876346511,904.7550285857641,916.072509765625,38686871
2024-02-06T00:00:00+05:30,925.5614234336656,930.4046709363461,917.654021474655,928.6749267578125,12714803
2024-02-07T00:00:00+05:30,933.0734043519021,933.0734043519021,917.3080100833968,922.991455078125,7913010
2024-02-08T00:00:00+05:30,926.1544530868912,928.8232133098697,908.1651015908636,913.6014404296875,11576253
2024-02-09T00:00:00+05:30,915.2817965814976,916.6656160857752,895.5627004533395,904.4091186523438,7904881
2024-02-12T00:00:00+05:30,905.4963143415507,914.2933228769225,897.4900942402656,901.0484008789062,7286778
2024-02-13T00:00:00+05:30,901.0484435287757,908.4616329840761,883.6521830718134,896.4028930664062,8574218
2024-02-14T00:00:00+05:30,889.5827283599195,909.3018242376357,883.9981015448508,907.6708984375,6570939
2024-02-15T00:00:00+05:30,913.0084000420736,916.2701912461442,905.7434383802876,909.8948364257812,6430799
2024-02-16T00:00:00+05:30,914.2934019732837,937.8179120339929,913.4037950723192,927.7359619140625,12826164
2024-02-19T00:00:00+05:30,932.0355963644795,932.0355963644795,920.2733118234858,921.8053588867188,4632214
2024-02-20T00:00:00+05:30,923.6339660884445,923.8316631997218,909.7466037050206,915.627685546875,4733639
2024-02-21T00:00:00+05:30,915.6276796935117,926.3521295426931,905.8917153943979,910.3890380859375,6011018
2024-02-22T00:00:00+05:30,913.9474331193364,923.0408971720591,904.0137110767622,921.5088500976562,6437014
2024-02-23T00:00:00+05:30,922.2995888285518,928.9220501567828,918.6424636181871,926.5498657226562,7047473
2024-02-26T00:00:00+05:30,926.2533301377493,934.0619141867668,919.9274443764516,926.1051025390625,5600234
2024-02-27T00:00:00+05:30,925.907359354923,953.8303728609562,924.6718277838596,951.5570068359375,12810206
2024-02-28T00:00:00+05:30,954.9670962933733,964.7030610464333,939.3005196068291,946.9608154296875,15219187
2024-02-29T00:00:00+05:30,947.8998516644028,948.146957986526,931.9862286511487,939.2017211914062,10346657
2024-03-01T00:00:00+05:30,947.8503952964446,969.0521287452563,945.6264385080103,966.0868530273438,10645369
2024-03-04T00:00:00+05:30,981.7533983109608,983.4831425314936,968.7555818937668,975.7734375,6084495
2024-03-05T00:00:00+05:30,1015.1127219385515,1053.2659120883106,993.7132913514093,1010.07177734375,59811033
2024-03-06T00:00:00+05:30,1013.1358730771062,1018.7204998260313,997.3210692046831,1005.8709716796875,14214823
2024-03-07T00:00:00+05:30,1013.1358567460964,1034.881211720159,1002.3125884546321,1027.2703857421875,16877082
2024-03-11T00:00:00+05:30,1022.7730055486182,1023.959067560283,1009.1821586519827,1016.1011352539062,7502450
2024-03-12T00:00:00+05:30,1015.9035063653935,1024.9969702784908,999.5944296340093,1004.7342529296875,8763820
2024-03-13T00:00:00+05:30,1007.2053511876423,1009.1822017297183,952.3971578428515,961.9354858398438,16564155
2024-03-14T00:00:00+05:30,953.7809443518123,970.6335825741492,944.3414954057546,956.5485229492188,22931801
2024-03-15T00:00:00+05:30,957.1910146878519,968.4096168913775,929.1197140881804,934.9019775390625,23390913
2024-03-18T00:00:00+05:30,934.9020048096505,963.5169280535305,925.8085407120185,961.1941528320312,12121719
2024-03-19T00:00:00+05:30,957.3392258159403,959.365485432261,940.5854064278194,946.6642456054688,9483750
2024-03-20T00:00:00+05:30,949.7778220606866,953.9786292635164,910.5373285943978,929.5645141601562,13900321
2024-03-21T00:00:00+05:30,939.9924319950468,958.0311931768655,935.0503056438636,953.7315673828125,11074207
2024-03-22T00:00:00+05:30,953.7315454199941,974.7849911254713,939.3499098062829,968.4590454101562,13638296
2024-03-26T00:00:00+05:30,965.6914489697641,983.4831030961262,964.7030237405218,974.7849731445312,9461531
2024-03-27T00:00:00+05:30,980.1224463226199,983.483116278565,965.3949464067172,967.3223876953125,6640537
2024-03-28T00:00:00+05:30,971.1278255579801,988.3264493481931,967.6683371208779,981.30859375,9862996
2024-04-01T00:00:00+05:30,988.42524929532,998.161213869403,976.0205244824016,980.7649536132812,8629407
2024-04-02T00:00:00+05:30,987.4367967044844,996.3326237018221,981.9016395931716,993.0214233398438,7995931
2024-04-03T00:00:00+05:30,992.3790069308453,1002.7080634412326,981.06152511475,997.4694213867188,8040366
2024-04-04T00:00:00+05:30,1004.2400865835239,1005.2285118655942,986.5967194300439,999.8909912109375,9138276
2024-04-05T00:00:00+05:30,999.8909678646821,1000.7805747292508,992.7743542628929,995.4430541992188,4519120
2024-04-08T00:00:00+05:30,998.3589094824612,1004.635446003254,992.3789487989623,1001.4724731445312,5188052
2024-04-09T00:00:00+05:30,1009.1821586219285,1017.5837730668711,993.3673549608601,996.8268432617188,8539041
2024-04-10T00:00:00+05:30,1000.5334503821217,1009.1821712424265,998.3094935894719,1001.7689819335938,4554077
2024-04-12T00:00:00+05:30,1002.2632069650912,1017.0895857663498,1001.7689943383825,1006.7111206054688,11575194
2024-04-15T00:00:00+05:30,986.5472259957671,995.2948257273225,967.1741150681369,987.2391357421875,12632409
2024-04-16T00:00:00+05:30,978.5410150660564,993.2685756869106,970.7324313194065,981.30859375,9574762
2024-04-18T00:00:00+05:30,984.817504583355,991.4893752300405,955.0659277570192,960.1068725585938,13540490
2024-04-19T00:00:00+05:30,952.8419977125757,956.7462897481947,933.0734915359662,952.05126953125,15381310
2024-04-22T00:00:00+05:30,967.4211953398994,967.4211953398994,954.8187736381536,962.2813720703125,7187959
2024-04-23T00:00:00+05:30,964.7031022374588,982.9889704663451,962.7756608178646,975.3286743164062,7994116
2024-04-24T00:00:00+05:30,980.9132549822925,984.3727434022622,976.5641596942831,980.1719360351562,4671450
2024-04-25T00:00:00+05:30,981.0121062965727,991.6870874278145,978.0468304085226,989.6608276367188,8366455
2024-04-26T00:00:00+05:30,996.1349477237272,997.271660884532,985.0645729375667,987.9310302734375,7937500
2024-04-29T00:00:00+05:30,991.4399033628109,994.108663518531,987.4367932935744,989.0182495117188,4764750
2024-04-30T00:00:00+05:30,993.3674292094546,1007.65018689915,985.9542394392348,996.23388671875,9047011
2024-05-02T00:00:00+05:30,1008.1937383324754,1018.0779906690683,999.8415330423167,1015.9035034179688,12695047
2024-05-03T00:00:00+05:30,1025.9854028771927,1028.1598901502045,984.4715426451676,1001.670166015625,11871773
2024-05-06T00:00:00+05:30,1003.2516217831238,1007.9960508844392,993.367369351763,1004.437744140625,5724760
2024-05-07T00:00:00+05:30,1004.4377709187378,1006.1675151403406,970.68302383427,977.1077880859375,8877426
2024-05-08T00:00:00+05:30,975.5263334971053,1003.2516502891104,965.6914899827201,1000.3851928710938,7519352
2024-05-09T00:00:00+05:30,999.2979173642198,1031.1251618204851,995.6407319114912,1018.3745727539062,19189798
2024-05-10T00:00:00+05:30,1024.996950837266,1038.1924033631462,1018.4733685313968,1034.5352783203125,13383183
2024-05-13T00:00:00+05:30,993.3673548816423,997.0245402937104,936.2363887263264,948.64111328125,58974762
2024-05-14T00:00:00+05:30,953.929179132135,956.7956364720498,942.2163641187824,953.4844360351562,16325689
2024-05-15T00:00:00+05:30,959.7114858183328,961.6883362715025,934.1606575139006,936.335205078125,19668239
2024-05-16T00:00:00+05:30,942.1669330194763,943.3530553507873,908.3627783848992,925.5614013671875,31240770
2024-05-17T00:00:00+05:30,933.0734491652408,942.3646707778115,930.1081733734021,934.7537841796875,13205512
2024-05-21T00:00:00+05:30,942.9576394965796,945.5769904044336,937.7189980095582,940.2888793945312,10055258
2024-05-22T00:00:00+05:30,940.9808727737467,943.8473302361518,931.6402417503277,936.532958984375,9495279
2024-05-23T00:00:00+05:30,939.0039710430717,952.298302488314,934.1112540755832,951.2109985351562,11211074
2024-05-24T00:00:00+05:30,951.3593261154413,959.7115317455176,946.9114123829535,949.431884765625,9590588
2024-05-27T00:00:00+05:30,953.7315241877664,955.2635712215077,940.9808146477243,947.4055786132812,6916555
2024-05-28T00:00:00+05:30,947.8998176385066,950.7662750037173,935.0502893493507,936.5823364257812,6618946
2024-05-29T00:00:00+05:30,935.989361579469,939.4982593725125,927.9336711524778,932.6781005859375,8184019
2024-05-30T00:00:00+05:30,932.579256456452,940.437249538437,910.3396875425461,913.2555541992188,10170912
2024-05-31T00:00:00+05:30,920.8664310758091,926.4015884812707,909.4500708929218,912.3165283203125,14289102
2024-06-03T00:00:00+05:30,951.8535163332696,951.8535163332696,923.1891840657049,939.4487915039062,12314329
2024-06-04T00:00:00+05:30,937.0271521695064,937.0271521695064,845.4989966692355,893.4376220703125,26554598
2024-06-05T00:00:00+05:30,914.2439698183449,922.9421001691946,879.6984944049084,919.1860961914062,13752553
2024-06-06T00:00:00+05:30,929.1197588803957,935.0503105328238,920.4216285225727,927.3900146484375,11792640
2024-06-07T00:00:00+05:30,929.1197529261656,961.7377868054884,924.4247328980813,959.2667236328125,15577866
2024-06-10T00:00:00+05:30,965.6914776359657,973.5000613102505,957.882893961681,963.8629150390625,9258931
2024-06-11T00:00:00+05:30,965.498812987245,984.0889782885815,958.4097995945853,978.6854248046875,14828702
2024-06-12T00:00:00+05:30,986.0223350580019,1001.6380733960245,978.586269182753,980.2717895507812,17527993
2024-06-13T00:00:00+05:30,993.458397592001,993.458397592001,972.3895443496557,977.446044921875,12157226
2024-06-14T00:00:00+05:30,981.5607218688087,988.7489190744136,973.0340569756906,984.9317626953125,11591421
2024-06-18T00:00:00+05:30,991.4754460878007,994.9951718184407,975.6118389503958,977.4956665039062,9845075
2024-06-19T00:00:00+05:30,981.5606821299475,986.4189359747157,966.8372961039415,969.0184936523438,7605719
2024-06-20T00:00:00+05:30,971.6459707625223,979.974389003574,968.0270610532277,969.910888671875,7299571
2024-06-21T00:00:00+05:30,970.6544640351068,972.5382915931103,949.9326029565036,953.60107421875,14303735
2024-06-24T00:00:00+05:30,952.7087980233047,955.2866100250047,941.9512529247972,949.883056640625,6655577
2024-06-25T00:00:00+05:30,951.8164471531414,954.6421280246833,941.207647566275,946.8590698242188,7304128
2024-06-26T00:00:00+05:30,947.8505482808393,954.2951388287739,942.0008188083085,943.7359008789062,6908988
2024-06-27T00:00:00+05:30,944.3803981832983,966.5398510370879,939.9683201780524,963.8132934570312,19385412
2024-06-28T00:00:00+05:30,966.6886027336843,989.988276748291,964.259475680253,981.3128662109375,23025267
2024-07-01T00:00:00+05:30,981.3128592679302,996.9285981246818,976.8016579233964,993.5079956054688,14006105
2024-07-02T00:00:00+05:30,995.4909426366569,996.432856444726,970.7536173314002,972.9348754882812,12284132
2024-07-03T00:00:00+05:30,976.5537786379532,978.9332834627838,965.2013723760639,967.3330688476562,7346258
2024-07-04T00:00:00+05:30,975.6118325533344,995.4413413450688,971.2493164132094,989.6907958984375,12139832
2024-07-05T00:00:00+05:30,996.4328488604581,998.0191854089187,981.5111551173109,985.1796264648438,9050375
2024-07-08T00:00:00+05:30,996.4328490293608,1007.9339402948003,987.707876981628,994.0532836914062,13312085
2024-07-09T00:00:00+05:30,992.417378166752,1008.3305472669607,989.591636784374,1006.2980346679688,10948094
2024-07-10T00:00:00+05:30,1006.3476058679217,1011.1562377097208,977.6443787995543,996.9285888671875,13412206
2024-07-11T00:00:00+05:30,999.4072706576173,1016.7580913287566,998.4653568610692,1012.09814453125,11983571
2024-07-12T00:00:00+05:30,1015.1221543970596,1017.1547275597776,1006.3476205323526,1008.0827026367188,7339644
2024-07-15T00:00:00+05:30,1012.6434302803982,1021.021470480752,1008.6279667964805,1015.7169799804688,5847297
2024-07-16T00:00:00+05:30,1016.7580844757862,1020.823109656825,1010.5118011792482,1012.4451904296875,4824555
2024-07-18T00:00:00+05:30,1014.2298261118129,1018.2452895909671,999.407255995808,1015.8162231445312,8010324
2024-07-19T00:00:00+05:30,1015.2708964646465,1015.2708964646465,978.239311312237,981.5607299804688,7400178
2024-07-22T00:00:00+05:30,981.5607062956592,999.4072645919439,968.225349243519,994.5986328125,7396198
2024-07-23T00:00:00+05:30,999.3081686220228,1000.0517752380681,958.9551041549922,993.2601318359375,10384177
2024-07-24T00:00:00+05:30,989.2941904180648,1025.4334826191441,986.6668167884345,1018.9392700195312,11469098
2024-07-25T00:00:00+05:30,1020.22828777511,1084.674195166152,1015.6179025019599,1081.650146484375,32766835
2024-07-26T00:00:00+05:30,1102.471123652993,1110.948287511759,1074.3628176929772,1108.76708984375,21232845
2024-07-29T00:00:00+05:30,1114.41845703125,1130.1829416169073,1109.0644651491766,1114.41845703125,11850624
2024-07-30T00:00:00+05:30,1116.2031811489771,1168.9496300382175,1109.0644848362517,1151.94580078125,28592304
2024-07-31T00:00:00+05:30,1154.0774818509262,1157.9442605063716,1135.536938415211,1146.7901611328125,10860623
2024-08-01T00:00:00+05:30,1157.051852254818,1165.9751313210506,1126.8118509748078,1134.64453125,14375948
2024-08-02T00:00:00+05:30,1110.452564556232,1110.452564556232,1080.7579216212832,1087.3016357421875,21967812
2024-08-05T00:00:00+05:30,1050.9143381618326,1055.921337516874,1005.4056520369215,1007.7852172851562,26651144
2024-08-06T00:00:00+05:30,1021.2197530537146,1051.6085009791702,999.8039067101832,1005.1082763671875,16726393
2024-08-07T00:00:00+05:30,1027.2181754059616,1031.332701647702,1006.3971307041668,1016.559814453125,9978703
2024-08-08T00:00:00+05:30,1026.1274256460497,1047.394645776842,1018.2452445601227,1032.8695068359375,19529790
2024-08-09T00:00:00+05:30,1046.0065692367034,1073.718258843932,1043.0817651564107,1058.994873046875,15443008
2024-08-12T00:00:00+05:30,1055.9213430036748,1070.6943512572752,1046.006588609274,1066.976318359375,11311050
2024-08-13T00:00:00+05:30,1065.6873246299947,1066.3318078550967,1039.2644806385213,1044.4697265625,7508231
2024-08-14T00:00:00+05:30,1047.9895757339816,1057.9539526568697,1038.0748209966687,1053.2939453125,8211830
2024-08-16T00:00:00+05:30,1062.861706063661,1090.5733970962497,1060.8787551195123,1088.987060546875,11435650
2024-08-19T00:00:00+05:30,1096.4727832218316,1097.5633820694336,1075.7509209984962,1078.4278564453125,6911441
2024-08-20T00:00:00+05:30,1087.648644159263,1088.6897418659278,1072.8261335646075,1077.634765625,5625723
2024-08-21T00:00:00+05:30,1079.7167517551827,1085.9630954251572,1074.0653901716564,1075.9490966796875,4869876
2024-08-22T00:00:00+05:30,1080.708263764658,1085.4177722535408,1055.8717547956096,1059.3419189453125,9377476
2024-08-23T00:00:00+05:30,1063.8532067262356,1083.2861022330906,1061.8702557351335,1075.899658203125,10179655
2024-08-26T00:00:00+05:30,1079.7167279346238,1093.9443759471033,1073.6191299207858,1083.0877685546875,9415039
2024-08-27T00:00:00+05:30,1083.7322545547333,1087.3015418552307,1065.836074839725,1068.06689453125,8813305
2024-08-28T00:00:00+05:30,1073.718311772255,1079.419295724477,1060.9778761893203,1065.3900146484375,8145376
2024-08-29T00:00:00+05:30,1069.8516695587132,1132.2650028725948,1056.912866078972,1112.0885009765625,40658159
2024-08-30T00:00:00+05:30,1104.4540326754902,1105.4951303132332,1088.0946876977607,1101.876220703125,17647545
2024-09-02T00:00:00+05:30,1095.5803911724167,1095.5803911724167,1078.080824971728,1083.335693359375,8116675
2024-09-03T00:00:00+05:30,1088.243418584185,1090.622983845792,1072.9746726044007,1075.8499755859375,5088731
2024-09-04T00:00:00+05:30,1069.802033002653,1075.7508858275055,1062.9608280481284,1071.2396240234375,4665908
2024-09-05T00:00:00+05:30,1071.7849707203661,1076.5936024885145,1057.8546921154893,1060.0360107421875,7900593
2024-09-06T00:00:00+05:30,1059.6890561274406,1063.8035826027071,1031.6302512425439,1040.40478515625,8717377
2024-09-09T00:00:00+05:30,1040.4046962968644,1040.999557336361,1017.5016385533957,1029.845458984375,7206054
2024-09-10T00:00:00+05:30,1040.0577646638164,1040.0577646638164,1023.4009284098387,1026.9703369140625,6919238
2024-09-11T00:00:00+05:30,991.4754584966872,1002.926987939352,962.9705390649074,967.9774780273438,36140411
2024-09-12T00:00:00+05:30,967.9774608714181,979.577735633204,949.8334724054752,977.7435302734375,25675836
2024-09-13T00:00:00+05:30,986.4189408783418,997.4242940722011,979.5777361265751,983.6427612304688,13203676
2024-09-16T00:00:00+05:30,988.5010299527984,991.3763329820753,976.1075867487764,979.974365234375,5836274
2024-09-17T00:00:00+05:30,986.5181094959233,986.5181094959233,951.8164674533532,966.6390380859375,44516613
2024-09-18T00:00:00+05:30,969.8612906012448,975.3144055386201,948.9907446257166,953.8489379882812,12044431
2024-09-19T00:00:00+05:30,962.1278156901574,970.6049188151223,948.1975369914257,958.7567749023438,13466770
2024-09-20T00:00:00+05:30,958.7567573089735,969.1672495031247,941.1085064542414,962.5739135742188,16764981
2024-09-23T00:00:00+05:30,965.2013895767051,970.8528119730387,957.8148850727606,963.515869140625,10254297
2024-09-24T00:00:00+05:30,965.6970762642187,976.603306078291,964.3089864455753,968.9689331054688,12755422
2024-09-25T00:00:00+05:30,974.0255295037022,974.1246528451213,951.0728480831375,955.3857421875,12959075
2024-09-26T00:00:00+05:30,962.5243855993061,986.468542689995,957.3687009911301,984.6838989257812,21640021
2024-09-27T00:00:00+05:30,987.5095827039274,991.8720990422989,980.7179998400708,984.53515625,10360030
2024-09-30T00:00:00+05:30,984.5351648659944,988.4515051675777,963.5158723046544,966.3416137695312,12225895
2024-10-01T00:00:00+05:30,968.5723816862942,976.1075708254739,950.7258237636345,956.9721069335938,10085203
2024-10-03T00:00:00+05:30,930.9954492974034,942.0504247915962,917.1147929713505,917.808837890625,24418517
2024-10-04T00:00:00+05:30,922.072189294168,941.108530466439,912.1574345705748,922.8157958984375,19187758
2024-10-07T00:00:00+05:30,933.9698928304592,936.3990198351665,907.2000551378665,919.9404907226562,11772546
2024-10-08T00:00:00+05:30,908.1915118397786,916.9164836933462,886.2303064250457,911.9591064453125,21177886
2024-10-09T00:00:00+05:30,918.8994675238356,940.364935983039,917.6105614961272,931.1442260742188,11557737
2024-10-10T00:00:00+05:30,925.7902070817347,935.5562161178312,904.5726081164345,920.5849609375,13249851
2024-10-11T00:00:00+05:30,924.0551413642272,929.012518732061,920.5849772067435,922.7662353515625,4459529
2024-10-14T00:00:00+05:30,922.0721792256514,931.986933840981,917.4617941235792,920.3370971679688,5740649
2024-10-15T00:00:00+05:30,924.9970225347071,927.376527278406,905.2170754318821,909.4804077148438,9058919
2024-10-16T00:00:00+05:30,909.2325566951732,915.1318477734998,892.3279122385155,899.7144165039062,10298258
2024-10-17T00:00:00+05:30,907.1505004321546,907.1505004321546,882.4627368312744,883.99951171875,13864583
2024-10-18T00:00:00+05:30,886.6764960316732,909.8770461129953,879.2404300459751,902.3914184570312,11527914
2024-10-21T00:00:00+05:30,904.2752029643668,909.8275019829782,890.4441078613514,895.5997924804688,7390557
2024-10-22T00:00:00+05:30,897.2853103125889,898.3759091357537,867.7889147525893,872.002685546875,13617490
2024-10-23T00:00:00+05:30,871.5069246891634,878.0506384842987,855.9407479472611,870.16845703125,10553771
2024-10-24T00:00:00+05:30,867.7889046062123,882.4131677800959,867.7889046062123,872.4984130859375,7233484
2024-10-25T00:00:00+05:30,876.3652068230922,878.1994122673816,849.9919225702721,856.9322509765625,10873022
2024-10-28T00:00:00+05:30,860.4519329558474,879.1908429028263,852.8671821791049,870.9616088867188,7106045
2024-10-29T00:00:00+05:30,872.746246564215,874.9770662799428,818.6612740036501,835.56591796875,26818871
2024-10-30T00:00:00+05:30,838.7882654719797,846.3234549984074,830.9060232147494,833.0377197265625,12933218
2024-10-31T00:00:00+05:30,836.6565722598632,836.6565722598632,824.7588663197203,826.9401245117188,11904413
2024-11-01T00:00:00+05:30,840.7216494472682,840.7216494472682,832.8394072400596,836.260009765625,2900548
2024-11-04T00:00:00+05:30,832.8393739204421,837.2514517543018,807.5567500692857,817.0748901367188,15514419
2024-11-05T00:00:00+05:30,814.4970873453123,836.4086707234603,813.4064885493328,828.5264892578125,10215249
2024-11-06T00:00:00+05:30,836.706140063708,836.706140063708,818.9587056505674,832.5419311523438,10579596
2024-11-07T00:00:00+05:30,833.8308778549339,835.565959943217,810.3328968992126,812.7620239257812,13237161
2024-11-08T00:00:00+05:30,814.9432684704022,814.9928301405532,794.2709687692351,798.5839233398438,16072692
2024-11-11T00:00:00+05:30,794.1718606468877,824.3623011602191,785.2485813137766,797.84033203125,27587619
2024-11-12T00:00:00+05:30,799.1292148943049,806.1686664026907,776.3748411513526,778.1594848632812,16526921
2024-11-13T00:00:00+05:30,780.2912140426272,785.8930747915717,768.9388075295049,779.547607421875,14674022
2024-11-14T00:00:00+05:30,779.8945993636842,785.248591237155,765.4190813574288,767.699462890625,11740909
2024-11-18T00:00:00+05:30,771.3679225037777,775.085955549265,752.7281956053731,765.3199462890625,17053446
2024-11-19T00:00:00+05:30,765.3199596031319,793.0812734923937,765.3199596031319,776.5236206054688,14012014
2024-11-21T00:00:00+05:30,778.2586484102502,779.2501238371019,759.718045825151,767.2532348632812,14194678
2024-11-22T00:00:00+05:30,768.3934728957609,787.2315064248182,768.3934728957609,784.257080078125,14535112
2024-11-25T00:00:00+05:30,801.161732276637,803.2934287187248,786.8845219806813,789.809326171875,15194167
2024-11-26T00:00:00+05:30,790.3547199297111,794.9650447010366,773.4996364105441,776.3253173828125,10310838
2024-11-27T00:00:00+05:30,778.3578107322808,785.1494540553,772.458519544066,777.2672119140625,10014685
2024-11-28T00:00:00+05:30,776.3252676929322,785.7938460196764,771.3678905045994,772.8055419921875,10939142
2024-11-29T00:00:00+05:30,772.8551438910868,782.6707754408694,770.4260168393869,779.7459106445312,10358590
2024-12-02T00:00:00+05:30,780.5886279954074,789.9580833206958,778.3082465098792,783.315185546875,8425826
2024-12-03T00:00:00+05:30,788.2230169382557,799.1292473613007,783.2656394732352,794.4197387695312,9874135
2024-12-04T00:00:00+05:30,798.1377341481681,799.1292095943148,777.366311448421,781.3817749023438,12392259
2024-12-05T00:00:00+05:30,786.2400603489882,790.7017000357101,774.3423545177299,785.7938842773438,12169428
2024-12-06T00:00:00+05:30,786.2400539333191,811.8696708297409,778.6056806509188,809.837158203125,19716910
2024-12-09T00:00:00+05:30,809.8371603588823,813.3568862116393,790.2059579482101,791.9410400390625,15573233
2024-12-10T00:00:00+05:30,797.9394311959878,803.5412917024274,790.6521108340297,793.0812377929688,13113082
2024-12-11T00:00:00+05:30,796.055680105136,800.0711436608908,791.3957332870984,792.2880249023438,7763357
2024-12-12T00:00:00+05:30,792.387224889999,795.1633441631574,778.8039985538156,779.646728515625,10602758
2024-12-13T00:00:00+05:30,782.2741433125262,785.7443074463587,768.3934867771962,783.5630493164062,14101869
2024-12-16T00:00:00+05:30,784.6536986227325,787.1819489278511,776.3252806019025,778.1099243164062,10015361
2024-12-17T00:00:00+05:30,778.8039500293688,789.561434235671,771.3678843066186,773.1029663085938,10270253
2024-12-18T00:00:00+05:30,767.4019838969602,767.6498527548081,747.5724752691318,749.2579956054688,19085263
2024-12-19T00:00:00+05:30,738.1039508332066,749.3571735942684,735.0799626498908,737.7073364257812,17119599
2024-12-20T00:00:00+05:30,737.9551860431709,743.1604323017591,715.3495572517025,717.8778076171875,17962656
2024-12-23T00:00:00+05:30,727.4455467289285,728.1395916440009,711.5819395952018,716.0435791015625,9653868
2024-12-24T00:00:00+05:30,717.3325064579857,738.946659718917,716.3410309825773,729.8250732421875,12553555
2024-12-26T00:00:00+05:30,729.825038734503,741.4253133512678,729.2797393517834,734.4849853515625,9343210
2024-12-27T00:00:00+05:30,742.6151427206082,760.3129560280986,739.3432857034496,744.1023559570312,15835079
2024-12-30T00:00:00+05:30,747.4733741769342,748.4648496378321,724.471131381129,727.39599609375,17441198
2024-12-31T00:00:00+05:30,727.3959857675264,737.0628713740492,726.5036336594424,733.840576171875,7092699
